Image Name,Label
image_1.jpeg,
image_2.jpeg,
image_3.jpeg,
image_4.jpeg,
image_5.jpeg,
image_6.jpeg,
image_7.jpeg,
image_8.jpeg,
image_9.jpeg,
image_10.jpeg,
image_11.jpeg,
image_12.jpeg,
image_13.jpeg,
image_14.jpeg,
image_15.jpeg,
image_16.jpeg,
image_17.jpeg,
image_18.jpeg,
image_19.jpeg,
image_20.jpeg,
image_21.jpeg,
image_22.jpeg,
image_23.jpeg,
image_24.jpeg,
image_25.jpeg,
image_26.jpeg,
image_27.jpeg,
image_28.jpeg,
image_29.jpeg,
image_30.jpeg,
image_31.jpeg,
image_32.jpeg,
image_33.jpeg,
image_34.jpeg,
image_35.jpeg,
image_36.jpeg,
image_37.jpeg,
image_38.jpeg,
image_39.jpeg,
image_40.jpeg,
image_41.jpeg,
image_42.jpeg,
image_43.jpeg,
image_44.jpeg,
image_45.jpeg,
image_46.jpeg,
image_47.jpeg,
image_48.jpeg,
image_49.jpeg,
image_50.jpeg,
image_51.jpeg,
image_52.jpeg,
image_53.jpeg,
image_54.jpeg,
image_55.jpeg,
image_56.jpeg,
image_57.jpeg,
image_58.jpeg,
image_59.jpeg,
image_60.jpeg,
image_61.jpeg,
image_62.jpeg,
image_63.jpeg,
image_64.jpeg,
image_65.jpeg,
image_66.jpeg,
image_67.jpeg,
image_68.jpeg,
image_69.jpeg,
image_70.jpeg,
image_71.jpeg,
image_72.jpeg,
image_73.jpeg,
image_74.jpeg,
image_75.jpeg,
image_76.jpeg,
image_77.jpeg,
image_78.jpeg,
image_79.jpeg,
image_80.jpeg,
image_81.jpeg,
image_82.jpeg,
image_83.jpeg,
image_84.jpeg,
image_85.jpeg,
image_86.jpeg,
image_87.jpeg,
image_88.jpeg,
image_89.jpeg,
image_90.jpeg,
image_91.jpeg,
image_92.jpeg,
image_93.jpeg,
image_94.jpeg,
image_95.jpeg,
image_96.jpeg,
image_97.jpeg,
image_98.jpeg,
image_99.jpeg,
image_100.jpeg,
image_101.jpeg,
image_102.jpeg,
image_103.jpeg,
image_104.jpeg,
image_105.jpeg,
image_106.jpeg,
image_107.jpeg,
image_108.jpeg,
image_109.jpeg,
image_110.jpeg,
image_111.jpeg,
image_112.jpeg,
image_113.jpeg,
image_114.jpeg,
image_115.jpeg,
image_116.jpeg,
image_117.jpeg,
image_118.jpeg,
image_119.jpeg,
image_120.jpeg,
